material_id,name,material_type,tags,mass_kg,manufacture_date_status,manufacture_year,manufacture_month,manufacture_day,manufacture_location_status,manufacture_place,manufacture_coordinates,a1a3_kgco2e,carbon_working,condition_at_intake,condition_notes,story,contributor,approved
PX-0001,Pixelframe module 0001,Precast concrete,Pixelframe,3.2,Approximate,2022,,,Known,"MIT, Cambridge, MA","42.3601, -71.0942",1.216,3.2 kg x 0.38 kgCO2e/kg,Good,,[placeholder: story to be written],Pixelframe team,TRUE
PX-0002,Pixelframe module 0002,Precast concrete,Pixelframe,3.2,Approximate,2022,,,Known,"MIT, Cambridge, MA","42.3601, -71.0942",1.216,3.2 kg x 0.38 kgCO2e/kg,Retired,,[placeholder: story to be written],Pixelframe team,TRUE
PX-0003,Pixelframe module 0003,Precast concrete,Pixelframe,3.2,Approximate,2022,,,Known,"MIT, Cambridge, MA","42.3601, -71.0942",1.216,3.2 kg x 0.38 kgCO2e/kg,Good,,[placeholder: story to be written],Pixelframe team,TRUE
PX-0004,Pixelframe module 0004,Precast concrete,Pixelframe,3.2,Approximate,2022,,,Known,"MIT, Cambridge, MA","42.3601, -71.0942",1.216,3.2 kg x 0.38 kgCO2e/kg,Good,uncut,[placeholder: story to be written],Pixelframe team,TRUE
PX-0005,Pixelframe module 0005,Precast concrete,Pixelframe,3.2,Approximate,2022,,,Known,"MIT, Cambridge, MA","42.3601, -71.0942",1.216,3.2 kg x 0.38 kgCO2e/kg,Good,cut 3/16/2025,[placeholder: story to be written],Pixelframe team,TRUE
PX-0006,Pixelframe module 0006,Precast concrete,Pixelframe,3.2,Approximate,2022,,,Known,"MIT, Cambridge, MA","42.3601, -71.0942",1.216,3.2 kg x 0.38 kgCO2e/kg,Good,uncut,[placeholder: story to be written],Pixelframe team,TRUE
PX-0007,Pixelframe module 0007,Precast concrete,Pixelframe,3.2,Approximate,2022,,,Known,"MIT, Cambridge, MA","42.3601, -71.0942",1.216,3.2 kg x 0.38 kgCO2e/kg,Retired,uncut,[placeholder: story to be written],Pixelframe team,TRUE
PX-0009,Pixelframe module 0009,Precast concrete,Pixelframe,3.2,Approximate,2022,,,Known,"MIT, Cambridge, MA","42.3601, -71.0942",1.216,3.2 kg x 0.38 kgCO2e/kg,Good,,[placeholder: story to be written],Pixelframe team,TRUE
PX-0008,Pixelframe module 0008,Precast concrete,Pixelframe,3.2,Approximate,2022,,,Known,"MIT, Cambridge, MA","42.3601, -71.0942",1.216,3.2 kg x 0.38 kgCO2e/kg,Retired,cut 3/16/2025,[placeholder: story to be written],Pixelframe team,TRUE
PX-0010,Pixelframe module 0010,Precast concrete,Pixelframe,3.2,Approximate,2022,,,Known,"MIT, Cambridge, MA","42.3601, -71.0942",1.216,3.2 kg x 0.38 kgCO2e/kg,Retired,uncut,[placeholder: story to be written],Pixelframe team,TRUE
PX-0011,Pixelframe module 0011,Precast concrete,Pixelframe,3.2,Approximate,2022,,,Known,"MIT, Cambridge, MA","42.3601, -71.0942",1.216,3.2 kg x 0.38 kgCO2e/kg,Good,cut 3/16/2025,[placeholder: story to be written],Pixelframe team,TRUE
PX-0012,Pixelframe module 0012,Precast concrete,Pixelframe,3.2,Approximate,2022,,,Known,"MIT, Cambridge, MA","42.3601, -71.0942",1.216,3.2 kg x 0.38 kgCO2e/kg,Good,,[placeholder: story to be written],Pixelframe team,TRUE
PX-0013,Pixelframe module 0013,Precast concrete,Pixelframe,3.2,Approximate,2022,,,Known,"MIT, Cambridge, MA","42.3601, -71.0942",1.216,3.2 kg x 0.38 kgCO2e/kg,Retired,,[placeholder: story to be written],Pixelframe team,TRUE
PX-0014,Pixelframe module 0014,Precast concrete,Pixelframe,3.2,Approximate,2022,,,Known,"MIT, Cambridge, MA","42.3601, -71.0942",1.216,3.2 kg x 0.38 kgCO2e/kg,Good,,[placeholder: story to be written],Pixelframe team,TRUE
PX-0015,Pixelframe module 0015,Precast concrete,Pixelframe,3.2,Approximate,2022,,,Known,"MIT, Cambridge, MA","42.3601, -71.0942",1.216,3.2 kg x 0.38 kgCO2e/kg,Retired,,[placeholder: story to be written],Pixelframe team,TRUE
PX-0016,Pixelframe module 0016,Precast concrete,Pixelframe,3.2,Approximate,2022,,,Known,"MIT, Cambridge, MA","42.3601, -71.0942",1.216,3.2 kg x 0.38 kgCO2e/kg,Good,,[placeholder: story to be written],Pixelframe team,TRUE
PX-0017,Pixelframe module 0017,Precast concrete,Pixelframe,3.2,Approximate,2022,,,Known,"MIT, Cambridge, MA","42.3601, -71.0942",1.216,3.2 kg x 0.38 kgCO2e/kg,Good,cut 3/16/2025,[placeholder: story to be written],Pixelframe team,TRUE
PX-0018,Pixelframe module 0018,Precast concrete,Pixelframe,3.2,Approximate,2022,,,Known,"MIT, Cambridge, MA","42.3601, -71.0942",1.216,3.2 kg x 0.38 kgCO2e/kg,Retired,,[placeholder: story to be written],Pixelframe team,TRUE
PX-0019,Pixelframe module 0019,Precast concrete,Pixelframe,3.2,Approximate,2022,,,Known,"MIT, Cambridge, MA","42.3601, -71.0942",1.216,3.2 kg x 0.38 kgCO2e/kg,Good,cut 3/16/2025,[placeholder: story to be written],Pixelframe team,TRUE
PX-0020,Pixelframe module 0020,Precast concrete,Pixelframe,3.2,Approximate,2022,,,Known,"MIT, Cambridge, MA","42.3601, -71.0942",1.216,3.2 kg x 0.38 kgCO2e/kg,Good,,[placeholder: story to be written],Pixelframe team,TRUE
PX-0021,Pixelframe module 0021,Precast concrete,Pixelframe,3.2,Approximate,2022,,,Known,"MIT, Cambridge, MA","42.3601, -71.0942",1.216,3.2 kg x 0.38 kgCO2e/kg,Retired,,[placeholder: story to be written],Pixelframe team,TRUE
PX-0022,Pixelframe module 0022,Precast concrete,Pixelframe,3.2,Approximate,2022,,,Known,"MIT, Cambridge, MA","42.3601, -71.0942",1.216,3.2 kg x 0.38 kgCO2e/kg,Good,cut 3/16/2025,[placeholder: story to be written],Pixelframe team,TRUE
PX-0023,Pixelframe module 0023,Precast concrete,Pixelframe,3.2,Approximate,2022,,,Known,"MIT, Cambridge, MA","42.3601, -71.0942",1.216,3.2 kg x 0.38 kgCO2e/kg,Good,,[placeholder: story to be written],Pixelframe team,TRUE
PX-0024,Pixelframe module 0024,Precast concrete,Pixelframe,3.2,Approximate,2022,,,Known,"MIT, Cambridge, MA","42.3601, -71.0942",1.216,3.2 kg x 0.38 kgCO2e/kg,Good,,[placeholder: story to be written],Pixelframe team,TRUE
PX-0025,Pixelframe module 0025,Precast concrete,Pixelframe,2,Approximate,2023,,,Known,"MIT, Cambridge, MA","42.3601, -71.0942",0.76,2 kg x 0.38 kgCO2e/kg,Average,some damage,[placeholder: story to be written],Pixelframe team,TRUE
PX-0026,Pixelframe module 0026,Precast concrete,Pixelframe,2,Approximate,2023,,,Known,"MIT, Cambridge, MA","42.3601, -71.0942",0.76,2 kg x 0.38 kgCO2e/kg,Good,,[placeholder: story to be written],Pixelframe team,TRUE
PX-0027,Pixelframe module 0027,Precast concrete,Pixelframe,2,Approximate,2023,,,Known,"MIT, Cambridge, MA","42.3601, -71.0942",0.76,2 kg x 0.38 kgCO2e/kg,Average,,[placeholder: story to be written],Pixelframe team,TRUE
PX-0028,Pixelframe module 0028,Precast concrete,Pixelframe,2,Approximate,2023,,,Known,"MIT, Cambridge, MA","42.3601, -71.0942",0.76,2 kg x 0.38 kgCO2e/kg,Average,,[placeholder: story to be written],Pixelframe team,TRUE
PX-0029,Pixelframe module 0029,Precast concrete,Pixelframe,2,Approximate,2023,,,Known,"MIT, Cambridge, MA","42.3601, -71.0942",0.76,2 kg x 0.38 kgCO2e/kg,Good,,[placeholder: story to be written],Pixelframe team,TRUE
PX-0030,Pixelframe module 0030,Precast concrete,Pixelframe,2,Approximate,2023,,,Known,"MIT, Cambridge, MA","42.3601, -71.0942",0.76,2 kg x 0.38 kgCO2e/kg,Average,irregular width,[placeholder: story to be written],Pixelframe team,TRUE
PX-0032,Pixelframe module 0032,Precast concrete,Pixelframe,2,Approximate,2023,,,Known,"MIT, Cambridge, MA","42.3601, -71.0942",0.76,2 kg x 0.38 kgCO2e/kg,Good,,[placeholder: story to be written],Pixelframe team,TRUE
PX-0033,Pixelframe module 0033,Precast concrete,Pixelframe,2,Approximate,2023,,,Known,"MIT, Cambridge, MA","42.3601, -71.0942",0.76,2 kg x 0.38 kgCO2e/kg,Good,air bubbles,[placeholder: story to be written],Pixelframe team,TRUE
PX-0034,Pixelframe module 0034,Precast concrete,Pixelframe,2,Approximate,2023,,,Known,"MIT, Cambridge, MA","42.3601, -71.0942",0.76,2 kg x 0.38 kgCO2e/kg,Average,some spalling on cast end,[placeholder: story to be written],Pixelframe team,TRUE
PX-0035,Pixelframe module 0035,Precast concrete,Pixelframe,2,Approximate,2023,,,Known,"MIT, Cambridge, MA","42.3601, -71.0942",0.76,2 kg x 0.38 kgCO2e/kg,Good,,[placeholder: story to be written],Pixelframe team,TRUE
PX-0036,Pixelframe module 0036,Precast concrete,Pixelframe,2,Approximate,2023,,,Known,"MIT, Cambridge, MA","42.3601, -71.0942",0.76,2 kg x 0.38 kgCO2e/kg,Retired,,[placeholder: story to be written],Pixelframe team,TRUE
PX-0037,Pixelframe module 0037,Precast concrete,Pixelframe,2,Approximate,2023,,,Known,"MIT, Cambridge, MA","42.3601, -71.0942",0.76,2 kg x 0.38 kgCO2e/kg,Average,"chipped dovetail, air bubbles",[placeholder: story to be written],Pixelframe team,TRUE
PX-0038,Pixelframe module 0038,Precast concrete,Pixelframe,2,Approximate,2023,,,Known,"MIT, Cambridge, MA","42.3601, -71.0942",0.76,2 kg x 0.38 kgCO2e/kg,Average,,[placeholder: story to be written],Pixelframe team,TRUE
PX-0039,Pixelframe module 0039,Precast concrete,Pixelframe,2,Approximate,2023,,,Known,"MIT, Cambridge, MA","42.3601, -71.0942",0.76,2 kg x 0.38 kgCO2e/kg,Good,,[placeholder: story to be written],Pixelframe team,TRUE
PX-0040,Pixelframe module 0040,Precast concrete,Pixelframe,2,Approximate,2023,,,Known,"MIT, Cambridge, MA","42.3601, -71.0942",0.76,2 kg x 0.38 kgCO2e/kg,Average,some chipping and spalling,[placeholder: story to be written],Pixelframe team,TRUE
PX-0041,Pixelframe module 0041,Precast concrete,Pixelframe,2,Approximate,2023,,,Known,"MIT, Cambridge, MA","42.3601, -71.0942",0.76,2 kg x 0.38 kgCO2e/kg,Good,chipped at end,[placeholder: story to be written],Pixelframe team,TRUE
PX-0042,Pixelframe module 0042,Precast concrete,Pixelframe,2,Approximate,2023,,,Known,"MIT, Cambridge, MA","42.3601, -71.0942",0.76,2 kg x 0.38 kgCO2e/kg,Good,,[placeholder: story to be written],Pixelframe team,TRUE
PX-0043,Pixelframe module 0043,Precast concrete,Pixelframe,2,Approximate,2023,,,Known,"MIT, Cambridge, MA","42.3601, -71.0942",0.76,2 kg x 0.38 kgCO2e/kg,Good,,[placeholder: story to be written],Pixelframe team,TRUE
PX-0044,Pixelframe module 0044,Precast concrete,Pixelframe,2,Approximate,2023,,,Known,"MIT, Cambridge, MA","42.3601, -71.0942",0.76,2 kg x 0.38 kgCO2e/kg,Retired,,[placeholder: story to be written],Pixelframe team,TRUE
PX-0045,Pixelframe module 0045,Precast concrete,Pixelframe,2,Approximate,2023,,,Known,"MIT, Cambridge, MA","42.3601, -71.0942",0.76,2 kg x 0.38 kgCO2e/kg,Good,,[placeholder: story to be written],Pixelframe team,TRUE
PX-0046,Pixelframe module 0046,Precast concrete,Pixelframe,2,Approximate,2023,,,Known,"MIT, Cambridge, MA","42.3601, -71.0942",0.76,2 kg x 0.38 kgCO2e/kg,Good,,[placeholder: story to be written],Pixelframe team,TRUE
PX-0047,Pixelframe module 0047,Precast concrete,Pixelframe,2,Approximate,2023,,,Known,"MIT, Cambridge, MA","42.3601, -71.0942",0.76,2 kg x 0.38 kgCO2e/kg,Good,,[placeholder: story to be written],Pixelframe team,TRUE
PX-0048,Pixelframe module 0048,Precast concrete,Pixelframe,2,Approximate,2023,,,Known,"MIT, Cambridge, MA","42.3601, -71.0942",0.76,2 kg x 0.38 kgCO2e/kg,Average,irregular width,[placeholder: story to be written],Pixelframe team,TRUE
PX-0049,Pixelframe module 0049,Precast concrete,Pixelframe,2,Approximate,2023,,,Known,"MIT, Cambridge, MA","42.3601, -71.0942",0.76,2 kg x 0.38 kgCO2e/kg,Average,,[placeholder: story to be written],Pixelframe team,TRUE
PX-0050,Pixelframe module 0050,Precast concrete,Pixelframe,2,Approximate,2023,,,Known,"MIT, Cambridge, MA","42.3601, -71.0942",0.76,2 kg x 0.38 kgCO2e/kg,Good,chipped corner,[placeholder: story to be written],Pixelframe team,TRUE
PX-0051,Pixelframe module 0051,Precast concrete,Pixelframe,2,Approximate,2023,,,Known,"MIT, Cambridge, MA","42.3601, -71.0942",0.76,2 kg x 0.38 kgCO2e/kg,Good,air bubbles,[placeholder: story to be written],Pixelframe team,TRUE
PX-0052,Pixelframe module 0052,Precast concrete,Pixelframe,2,Approximate,2023,,,Known,"MIT, Cambridge, MA","42.3601, -71.0942",0.76,2 kg x 0.38 kgCO2e/kg,Retired,,[placeholder: story to be written],Pixelframe team,TRUE
PX-0053,Pixelframe module 0053,Precast concrete,Pixelframe,2,Approximate,2023,,,Known,"MIT, Cambridge, MA","42.3601, -71.0942",0.76,2 kg x 0.38 kgCO2e/kg,Average,,[placeholder: story to be written],Pixelframe team,TRUE
PX-0054,Pixelframe module 0054,Precast concrete,Pixelframe,2,Approximate,2023,,,Known,"MIT, Cambridge, MA","42.3601, -71.0942",0.76,2 kg x 0.38 kgCO2e/kg,Retired,,[placeholder: story to be written],Pixelframe team,TRUE
PX-0055,Pixelframe module 0055,Precast concrete,Pixelframe,2,Approximate,2023,,,Known,"MIT, Cambridge, MA","42.3601, -71.0942",0.76,2 kg x 0.38 kgCO2e/kg,Average,air bubbles,[placeholder: story to be written],Pixelframe team,TRUE
PX-0056,Pixelframe module 0056,Precast concrete,Pixelframe,2,Approximate,2023,,,Known,"MIT, Cambridge, MA","42.3601, -71.0942",0.76,2 kg x 0.38 kgCO2e/kg,Good,,[placeholder: story to be written],Pixelframe team,TRUE
PX-0057,Pixelframe module 0057,Precast concrete,Pixelframe,2,Approximate,2023,,,Known,"MIT, Cambridge, MA","42.3601, -71.0942",0.76,2 kg x 0.38 kgCO2e/kg,Good,,[placeholder: story to be written],Pixelframe team,TRUE
PX-0058,Pixelframe module 0058,Precast concrete,Pixelframe,2,Approximate,2023,,,Known,"MIT, Cambridge, MA","42.3601, -71.0942",0.76,2 kg x 0.38 kgCO2e/kg,Retired,,[placeholder: story to be written],Pixelframe team,TRUE
PX-0059,Pixelframe module 0059,Precast concrete,Pixelframe,2,Approximate,2023,,,Known,"MIT, Cambridge, MA","42.3601, -71.0942",0.76,2 kg x 0.38 kgCO2e/kg,Average,,[placeholder: story to be written],Pixelframe team,TRUE
PX-0060,Pixelframe module 0060,Precast concrete,Pixelframe,2,Approximate,2023,,,Known,"MIT, Cambridge, MA","42.3601, -71.0942",0.76,2 kg x 0.38 kgCO2e/kg,Good,,[placeholder: story to be written],Pixelframe team,TRUE
PX-0061,Pixelframe module 0061,Precast concrete,Pixelframe,2,Approximate,2023,,,Known,"MIT, Cambridge, MA","42.3601, -71.0942",0.76,2 kg x 0.38 kgCO2e/kg,Retired,,[placeholder: story to be written],Pixelframe team,TRUE
PX-0062,Pixelframe module 0062,Precast concrete,Pixelframe,2,Approximate,2023,,,Known,"MIT, Cambridge, MA","42.3601, -71.0942",0.76,2 kg x 0.38 kgCO2e/kg,Good,,[placeholder: story to be written],Pixelframe team,TRUE
PX-0063,Pixelframe module 0063,Precast concrete,Pixelframe,2,Approximate,2023,,,Known,"MIT, Cambridge, MA","42.3601, -71.0942",0.76,2 kg x 0.38 kgCO2e/kg,Retired,,[placeholder: story to be written],Pixelframe team,TRUE
PX-0064,Pixelframe module 0064,Precast concrete,Pixelframe,2,Approximate,2023,,,Known,"MIT, Cambridge, MA","42.3601, -71.0942",0.76,2 kg x 0.38 kgCO2e/kg,Retired,,[placeholder: story to be written],Pixelframe team,TRUE
PX-0065,Pixelframe module 0065,Precast concrete,Pixelframe,2,Approximate,2023,,,Known,"MIT, Cambridge, MA","42.3601, -71.0942",0.76,2 kg x 0.38 kgCO2e/kg,Retired,,[placeholder: story to be written],Pixelframe team,TRUE
PX-0066,Pixelframe module 0066,Precast concrete,Pixelframe,2,Approximate,2023,,,Known,"MIT, Cambridge, MA","42.3601, -71.0942",0.76,2 kg x 0.38 kgCO2e/kg,Retired,,[placeholder: story to be written],Pixelframe team,TRUE
PX-0067,Pixelframe module 0067,Precast concrete,Pixelframe,29.23,Approximate,2025,,,Known,Rhode Island,"41.58, -71.48",11.1074,29.23 kg x 0.38 kgCO2e/kg,Good,,[placeholder: story to be written],Pixelframe team,TRUE
PX-0068,Pixelframe module 0068,Precast concrete,Pixelframe,29.23,Approximate,2025,,,Known,Rhode Island,"41.58, -71.48",11.1074,29.23 kg x 0.38 kgCO2e/kg,Good,,[placeholder: story to be written],Pixelframe team,TRUE
PX-0069,Pixelframe module 0069,Precast concrete,Pixelframe,29.23,Approximate,2025,,,Known,Rhode Island,"41.58, -71.48",11.1074,29.23 kg x 0.38 kgCO2e/kg,Good,,[placeholder: story to be written],Pixelframe team,TRUE
PX-0070,Pixelframe module 0070,Precast concrete,Pixelframe,29.23,Approximate,2025,,,Known,Rhode Island,"41.58, -71.48",11.1074,29.23 kg x 0.38 kgCO2e/kg,Good,,[placeholder: story to be written],Pixelframe team,TRUE
PX-0071,Pixelframe module 0071,Precast concrete,Pixelframe,29.23,Approximate,2025,,,Known,Rhode Island,"41.58, -71.48",11.1074,29.23 kg x 0.38 kgCO2e/kg,Good,,[placeholder: story to be written],Pixelframe team,TRUE
PX-0072,Pixelframe module 0072,Precast concrete,Pixelframe,29.23,Approximate,2025,,,Known,Rhode Island,"41.58, -71.48",11.1074,29.23 kg x 0.38 kgCO2e/kg,Good,,[placeholder: story to be written],Pixelframe team,TRUE
PX-0073,Pixelframe module 0073,Precast concrete,Pixelframe,18,Approximate,2025,,,Known,"St. Boniface, Winnipeg (R2J 0S6)","49.874, -97.078",3.6,18 kg x 0.2 kgCO2e/kg,Good,,[placeholder: story to be written],Pixelframe team,TRUE
PX-0078,Pixelframe module 0078,Precast concrete,Pixelframe,18,Approximate,2025,,,Known,"St. Boniface, Winnipeg (R2J 0S6)","49.874, -97.078",3.6,18 kg x 0.2 kgCO2e/kg,Good,,[placeholder: story to be written],Pixelframe team,TRUE
PX-0079,Pixelframe module 0079,Precast concrete,Pixelframe,18,Approximate,2025,,,Known,"St. Boniface, Winnipeg (R2J 0S6)","49.874, -97.078",3.6,18 kg x 0.2 kgCO2e/kg,Good,,[placeholder: story to be written],Pixelframe team,TRUE
PX-0080,Pixelframe module 0080,Precast concrete,Pixelframe,18,Approximate,2025,,,Known,"St. Boniface, Winnipeg (R2J 0S6)","49.874, -97.078",3.6,18 kg x 0.2 kgCO2e/kg,Good,,[placeholder: story to be written],Pixelframe team,TRUE
PX-0081,Pixelframe module 0081,Precast concrete,Pixelframe,18,Approximate,2025,,,Known,"St. Boniface, Winnipeg (R2J 0S6)","49.874, -97.078",3.6,18 kg x 0.2 kgCO2e/kg,Good,,[placeholder: story to be written],Pixelframe team,TRUE
PX-0083,Pixelframe module 0083,Precast concrete,Pixelframe,18,Approximate,2025,,,Known,"St. Boniface, Winnipeg (R2J 0S6)","49.874, -97.078",3.6,18 kg x 0.2 kgCO2e/kg,Good,,[placeholder: story to be written],Pixelframe team,TRUE
PX-0084,Pixelframe module 0084,Precast concrete,Pixelframe,18,Approximate,2025,,,Known,"St. Boniface, Winnipeg (R2J 0S6)","49.874, -97.078",3.6,18 kg x 0.2 kgCO2e/kg,Good,,[placeholder: story to be written],Pixelframe team,TRUE
PX-0086,Pixelframe module 0086,Precast concrete,Pixelframe,18,Approximate,2025,,,Known,"St. Boniface, Winnipeg (R2J 0S6)","49.874, -97.078",3.6,18 kg x 0.2 kgCO2e/kg,Good,,[placeholder: story to be written],Pixelframe team,TRUE
PX-0087,Pixelframe module 0087,Precast concrete,Pixelframe,18,Approximate,2025,,,Known,"St. Boniface, Winnipeg (R2J 0S6)","49.874, -97.078",3.6,18 kg x 0.2 kgCO2e/kg,Good,,[placeholder: story to be written],Pixelframe team,TRUE
PX-0088,Pixelframe module 0088,Precast concrete,Pixelframe,18,Approximate,2025,,,Known,"St. Boniface, Winnipeg (R2J 0S6)","49.874, -97.078",3.6,18 kg x 0.2 kgCO2e/kg,Good,,[placeholder: story to be written],Pixelframe team,TRUE
PX-0091,Pixelframe module 0091,Precast concrete,Pixelframe,18,Approximate,2025,,,Known,"St. Boniface, Winnipeg (R2J 0S6)","49.874, -97.078",3.6,18 kg x 0.2 kgCO2e/kg,Good,,[placeholder: story to be written],Pixelframe team,TRUE
PX-0093,Pixelframe module 0093,Precast concrete,Pixelframe,18,Approximate,2025,,,Known,"St. Boniface, Winnipeg (R2J 0S6)","49.874, -97.078",3.6,18 kg x 0.2 kgCO2e/kg,Good,,[placeholder: story to be written],Pixelframe team,TRUE
PX-0095,Pixelframe module 0095,Precast concrete,Pixelframe,18,Approximate,2025,,,Known,"St. Boniface, Winnipeg (R2J 0S6)","49.874, -97.078",3.6,18 kg x 0.2 kgCO2e/kg,Good,,[placeholder: story to be written],Pixelframe team,TRUE
PX-0096,Pixelframe module 0096,Precast concrete,Pixelframe,18,Approximate,2025,,,Known,"St. Boniface, Winnipeg (R2J 0S6)","49.874, -97.078",3.6,18 kg x 0.2 kgCO2e/kg,Good,,[placeholder: story to be written],Pixelframe team,TRUE
PX-0097,Pixelframe module 0097,Precast concrete,Pixelframe,18,Approximate,2025,,,Known,"St. Boniface, Winnipeg (R2J 0S6)","49.874, -97.078",3.6,18 kg x 0.2 kgCO2e/kg,Good,,[placeholder: story to be written],Pixelframe team,TRUE
PX-0098,Pixelframe module 0098,Precast concrete,Pixelframe,18,Approximate,2025,,,Known,"St. Boniface, Winnipeg (R2J 0S6)","49.874, -97.078",3.6,18 kg x 0.2 kgCO2e/kg,Good,,[placeholder: story to be written],Pixelframe team,TRUE
PX-0099,Pixelframe module 0099,Precast concrete,Pixelframe,18,Approximate,2025,,,Known,"St. Boniface, Winnipeg (R2J 0S6)","49.874, -97.078",3.6,18 kg x 0.2 kgCO2e/kg,Good,,[placeholder: story to be written],Pixelframe team,TRUE
PX-0100,Pixelframe module 0100,Precast concrete,Pixelframe,18,Approximate,2025,,,Known,"St. Boniface, Winnipeg (R2J 0S6)","49.874, -97.078",3.6,18 kg x 0.2 kgCO2e/kg,Good,,[placeholder: story to be written],Pixelframe team,TRUE
PX-0101,Pixelframe module 0101,Precast concrete,Pixelframe,18,Approximate,2025,,,Known,"St. Boniface, Winnipeg (R2J 0S6)","49.874, -97.078",3.6,18 kg x 0.2 kgCO2e/kg,Good,,[placeholder: story to be written],Pixelframe team,TRUE
PX-0102,Pixelframe module 0102,Precast concrete,Pixelframe,18,Approximate,2025,,,Known,"St. Boniface, Winnipeg (R2J 0S6)","49.874, -97.078",3.6,18 kg x 0.2 kgCO2e/kg,Good,,[placeholder: story to be written],Pixelframe team,TRUE
PX-0103,Pixelframe module 0103,Precast concrete,Pixelframe,18,Approximate,2025,,,Known,"St. Boniface, Winnipeg (R2J 0S6)","49.874, -97.078",3.6,18 kg x 0.2 kgCO2e/kg,Good,,[placeholder: story to be written],Pixelframe team,TRUE
PX-0104,Pixelframe module 0104,Precast concrete,Pixelframe,18,Approximate,2025,,,Known,"St. Boniface, Winnipeg (R2J 0S6)","49.874, -97.078",3.6,18 kg x 0.2 kgCO2e/kg,Good,,[placeholder: story to be written],Pixelframe team,TRUE
PX-0105,Pixelframe module 0105,Precast concrete,Pixelframe,18,Approximate,2025,,,Known,"St. Boniface, Winnipeg (R2J 0S6)","49.874, -97.078",3.6,18 kg x 0.2 kgCO2e/kg,Good,,[placeholder: story to be written],Pixelframe team,TRUE
PX-0106,Pixelframe module 0106,Precast concrete,Pixelframe,18,Approximate,2025,,,Known,"St. Boniface, Winnipeg (R2J 0S6)","49.874, -97.078",3.6,18 kg x 0.2 kgCO2e/kg,Good,,[placeholder: story to be written],Pixelframe team,TRUE
PX-0107,Pixelframe module 0107,Precast concrete,Pixelframe,18,Approximate,2025,,,Known,"St. Boniface, Winnipeg (R2J 0S6)","49.874, -97.078",3.6,18 kg x 0.2 kgCO2e/kg,Good,,[placeholder: story to be written],Pixelframe team,TRUE
PX-0108,Pixelframe module 0108,Precast concrete,Pixelframe,18,Approximate,2025,,,Known,"St. Boniface, Winnipeg (R2J 0S6)","49.874, -97.078",3.6,18 kg x 0.2 kgCO2e/kg,Good,,[placeholder: story to be written],Pixelframe team,TRUE
PX-0109,Pixelframe module 0109,Precast concrete,Pixelframe,18,Approximate,2025,,,Known,"St. Boniface, Winnipeg (R2J 0S6)","49.874, -97.078",3.6,18 kg x 0.2 kgCO2e/kg,Good,,[placeholder: story to be written],Pixelframe team,TRUE
PX-0110,Pixelframe module 0110,Precast concrete,Pixelframe,18,Approximate,2025,,,Known,"St. Boniface, Winnipeg (R2J 0S6)","49.874, -97.078",3.6,18 kg x 0.2 kgCO2e/kg,Good,,[placeholder: story to be written],Pixelframe team,TRUE
PX-0111,Pixelframe module 0111,Precast concrete,Pixelframe,18,Approximate,2025,,,Known,"St. Boniface, Winnipeg (R2J 0S6)","49.874, -97.078",3.6,18 kg x 0.2 kgCO2e/kg,Good,,[placeholder: story to be written],Pixelframe team,TRUE
PX-0112,Pixelframe module 0112,Precast concrete,Pixelframe,18,Approximate,2025,,,Known,"St. Boniface, Winnipeg (R2J 0S6)","49.874, -97.078",3.6,18 kg x 0.2 kgCO2e/kg,Good,,[placeholder: story to be written],Pixelframe team,TRUE
PX-0113,Pixelframe module 0113,Precast concrete,Pixelframe,18,Approximate,2025,,,Known,"St. Boniface, Winnipeg (R2J 0S6)","49.874, -97.078",3.6,18 kg x 0.2 kgCO2e/kg,Good,,[placeholder: story to be written],Pixelframe team,TRUE
PX-0114,Pixelframe module 0114,Precast concrete,Pixelframe,18,Approximate,2026,,,Known,"St. Boniface, Winnipeg (R2J 0S6)","49.874, -97.078",3.6,18 kg x 0.2 kgCO2e/kg,Good,,[placeholder: story to be written],Pixelframe team,TRUE
PX-0115,Pixelframe module 0115,Precast concrete,Pixelframe,18,Approximate,2026,,,Known,"St. Boniface, Winnipeg (R2J 0S6)","49.874, -97.078",3.6,18 kg x 0.2 kgCO2e/kg,Good,Grinded,[placeholder: story to be written],Pixelframe team,TRUE
PX-0116,Pixelframe module 0116,Precast concrete,Pixelframe,18,Approximate,2026,,,Known,"St. Boniface, Winnipeg (R2J 0S6)","49.874, -97.078",3.6,18 kg x 0.2 kgCO2e/kg,Good,,[placeholder: story to be written],Pixelframe team,TRUE
PX-0117,Pixelframe module 0117,Precast concrete,Pixelframe,18,Approximate,2026,,,Known,"St. Boniface, Winnipeg (R2J 0S6)","49.874, -97.078",3.6,18 kg x 0.2 kgCO2e/kg,Good,,[placeholder: story to be written],Pixelframe team,TRUE
PX-0118,Pixelframe module 0118,Precast concrete,Pixelframe,18,Approximate,2026,,,Known,"St. Boniface, Winnipeg (R2J 0S6)","49.874, -97.078",3.6,18 kg x 0.2 kgCO2e/kg,Good,,[placeholder: story to be written],Pixelframe team,TRUE
PX-0119,Pixelframe module 0119,Precast concrete,Pixelframe,18,Approximate,2026,,,Known,"St. Boniface, Winnipeg (R2J 0S6)","49.874, -97.078",3.6,18 kg x 0.2 kgCO2e/kg,Good,,[placeholder: story to be written],Pixelframe team,TRUE
PX-0120,Pixelframe module 0120,Precast concrete,Pixelframe,18,Approximate,2026,,,Known,"St. Boniface, Winnipeg (R2J 0S6)","49.874, -97.078",3.6,18 kg x 0.2 kgCO2e/kg,Good,,[placeholder: story to be written],Pixelframe team,TRUE
PX-0121,Pixelframe module 0121,Precast concrete,Pixelframe,18,Approximate,2026,,,Known,"St. Boniface, Winnipeg (R2J 0S6)","49.874, -97.078",3.6,18 kg x 0.2 kgCO2e/kg,Good,,[placeholder: story to be written],Pixelframe team,TRUE
PX-0122,Pixelframe module 0122,Precast concrete,Pixelframe,18,Approximate,2026,,,Known,"St. Boniface, Winnipeg (R2J 0S6)","49.874, -97.078",3.6,18 kg x 0.2 kgCO2e/kg,Good,,[placeholder: story to be written],Pixelframe team,TRUE
PX-0123,Pixelframe module 0123,Precast concrete,Pixelframe,18,Approximate,2026,,,Known,"St. Boniface, Winnipeg (R2J 0S6)","49.874, -97.078",3.6,18 kg x 0.2 kgCO2e/kg,Good,,[placeholder: story to be written],Pixelframe team,TRUE
PX-0124,Pixelframe module 0124,Precast concrete,Pixelframe,18,Approximate,2026,,,Known,"St. Boniface, Winnipeg (R2J 0S6)","49.874, -97.078",3.6,18 kg x 0.2 kgCO2e/kg,Good,,[placeholder: story to be written],Pixelframe team,TRUE
PX-0125,Pixelframe module 0125,Precast concrete,Pixelframe,18,Approximate,2026,,,Known,"St. Boniface, Winnipeg (R2J 0S6)","49.874, -97.078",3.6,18 kg x 0.2 kgCO2e/kg,Good,,[placeholder: story to be written],Pixelframe team,TRUE
PX-0126,Pixelframe module 0126,Precast concrete,Pixelframe,18,Approximate,2026,,,Known,"St. Boniface, Winnipeg (R2J 0S6)","49.874, -97.078",3.6,18 kg x 0.2 kgCO2e/kg,Good,,[placeholder: story to be written],Pixelframe team,TRUE
PX-0127,Pixelframe module 0127,Precast concrete,Pixelframe,18,Approximate,2026,,,Known,"St. Boniface, Winnipeg (R2J 0S6)","49.874, -97.078",3.6,18 kg x 0.2 kgCO2e/kg,Good,Grinded,[placeholder: story to be written],Pixelframe team,TRUE
PX-0128,Pixelframe module 0128,Precast concrete,Pixelframe,18,Approximate,2026,,,Known,"St. Boniface, Winnipeg (R2J 0S6)","49.874, -97.078",3.6,18 kg x 0.2 kgCO2e/kg,Good,,[placeholder: story to be written],Pixelframe team,TRUE
PX-0129,Pixelframe module 0129,Precast concrete,Pixelframe,18,Approximate,2026,,,Known,"St. Boniface, Winnipeg (R2J 0S6)","49.874, -97.078",3.6,18 kg x 0.2 kgCO2e/kg,Good,,[placeholder: story to be written],Pixelframe team,TRUE
PX-0130,Pixelframe module 0130,Precast concrete,Pixelframe,18,Approximate,2026,,,Known,"St. Boniface, Winnipeg (R2J 0S6)","49.874, -97.078",3.6,18 kg x 0.2 kgCO2e/kg,Good,,[placeholder: story to be written],Pixelframe team,TRUE
PX-0131,Pixelframe module 0131,Precast concrete,Pixelframe,18,Approximate,2026,,,Known,"St. Boniface, Winnipeg (R2J 0S6)","49.874, -97.078",3.6,18 kg x 0.2 kgCO2e/kg,Good,,[placeholder: story to be written],Pixelframe team,TRUE
PX-0132,Pixelframe module 0132,Precast concrete,Pixelframe,18,Approximate,2026,,,Known,"St. Boniface, Winnipeg (R2J 0S6)","49.874, -97.078",3.6,18 kg x 0.2 kgCO2e/kg,Good,,[placeholder: story to be written],Pixelframe team,TRUE
PX-0133,Pixelframe module 0133,Precast concrete,Pixelframe,18,Approximate,2026,,,Known,"St. Boniface, Winnipeg (R2J 0S6)","49.874, -97.078",3.6,18 kg x 0.2 kgCO2e/kg,Good,,[placeholder: story to be written],Pixelframe team,TRUE
PX-0134,Pixelframe module 0134,Precast concrete,Pixelframe,18,Approximate,2026,,,Known,"St. Boniface, Winnipeg (R2J 0S6)","49.874, -97.078",3.6,18 kg x 0.2 kgCO2e/kg,Good,,[placeholder: story to be written],Pixelframe team,TRUE
PX-0135,Pixelframe module 0135,Precast concrete,Pixelframe,18,Approximate,2026,,,Known,"St. Boniface, Winnipeg (R2J 0S6)","49.874, -97.078",3.6,18 kg x 0.2 kgCO2e/kg,Good,Grinded,[placeholder: story to be written],Pixelframe team,TRUE
PX-0136,Pixelframe module 0136,Precast concrete,Pixelframe,18,Approximate,2026,,,Known,"St. Boniface, Winnipeg (R2J 0S6)","49.874, -97.078",3.6,18 kg x 0.2 kgCO2e/kg,Good,,[placeholder: story to be written],Pixelframe team,TRUE
PX-0137,Pixelframe module 0137,Precast concrete,Pixelframe,18,Approximate,2026,,,Known,"St. Boniface, Winnipeg (R2J 0S6)","49.874, -97.078",3.6,18 kg x 0.2 kgCO2e/kg,Good,,[placeholder: story to be written],Pixelframe team,TRUE
PX-0138,Pixelframe module 0138,Precast concrete,Pixelframe,18,Approximate,2026,,,Known,"St. Boniface, Winnipeg (R2J 0S6)","49.874, -97.078",3.6,18 kg x 0.2 kgCO2e/kg,Good,,[placeholder: story to be written],Pixelframe team,TRUE
PX-0139,Pixelframe module 0139,Precast concrete,Pixelframe,18,Approximate,2026,,,Known,"St. Boniface, Winnipeg (R2J 0S6)","49.874, -97.078",3.6,18 kg x 0.2 kgCO2e/kg,Good,,[placeholder: story to be written],Pixelframe team,TRUE
PX-0140,Pixelframe module 0140,Precast concrete,Pixelframe,18,Approximate,2026,,,Known,"St. Boniface, Winnipeg (R2J 0S6)","49.874, -97.078",3.6,18 kg x 0.2 kgCO2e/kg,Good,,[placeholder: story to be written],Pixelframe team,TRUE
PX-0141,Pixelframe module 0141,Precast concrete,Pixelframe,18,Approximate,2026,,,Known,"St. Boniface, Winnipeg (R2J 0S6)","49.874, -97.078",3.6,18 kg x 0.2 kgCO2e/kg,Good,,[placeholder: story to be written],Pixelframe team,TRUE
PX-0142,Pixelframe module 0142,Precast concrete,Pixelframe,18,Approximate,2026,,,Known,"St. Boniface, Winnipeg (R2J 0S6)","49.874, -97.078",3.6,18 kg x 0.2 kgCO2e/kg,Good,,[placeholder: story to be written],Pixelframe team,TRUE
PX-0143,Pixelframe module 0143,Precast concrete,Pixelframe,18,Approximate,2026,,,Known,"St. Boniface, Winnipeg (R2J 0S6)","49.874, -97.078",3.6,18 kg x 0.2 kgCO2e/kg,Good,,[placeholder: story to be written],Pixelframe team,TRUE
PX-0144,Pixelframe module 0144,Precast concrete,Pixelframe,18,Known,2026,7,,Known,"St. Boniface, Winnipeg (R2J 0S6)","49.874, -97.078",3.6,18 kg x 0.2 kgCO2e/kg,Good,,[placeholder: story to be written],Pixelframe team,TRUE
PX-0145,Pixelframe module 0145,Precast concrete,Pixelframe,18,Known,2026,7,,Known,"St. Boniface, Winnipeg (R2J 0S6)","49.874, -97.078",3.6,18 kg x 0.2 kgCO2e/kg,Good,,[placeholder: story to be written],Pixelframe team,TRUE
PX-0146,Pixelframe module 0146,Precast concrete,Pixelframe,18,Known,2026,7,,Known,"St. Boniface, Winnipeg (R2J 0S6)","49.874, -97.078",3.6,18 kg x 0.2 kgCO2e/kg,Good,,[placeholder: story to be written],Pixelframe team,TRUE
PX-0147,Pixelframe module 0147,Precast concrete,Pixelframe,18,Known,2026,7,,Known,"St. Boniface, Winnipeg (R2J 0S6)","49.874, -97.078",3.6,18 kg x 0.2 kgCO2e/kg,Good,,[placeholder: story to be written],Pixelframe team,TRUE
PX-0148,Pixelframe module 0148,Precast concrete,Pixelframe,18,Known,2026,7,,Known,"St. Boniface, Winnipeg (R2J 0S6)","49.874, -97.078",3.6,18 kg x 0.2 kgCO2e/kg,Good,,[placeholder: story to be written],Pixelframe team,TRUE
PX-0149,Pixelframe module 0149,Precast concrete,Pixelframe,18,Known,2026,7,,Known,"St. Boniface, Winnipeg (R2J 0S6)","49.874, -97.078",3.6,18 kg x 0.2 kgCO2e/kg,Good,,[placeholder: story to be written],Pixelframe team,TRUE
PX-0150,Pixelframe module 0150,Precast concrete,Pixelframe,18,Known,2026,7,,Known,"St. Boniface, Winnipeg (R2J 0S6)","49.874, -97.078",3.6,18 kg x 0.2 kgCO2e/kg,Good,,[placeholder: story to be written],Pixelframe team,TRUE
PX-0151,Pixelframe module 0151,Precast concrete,Pixelframe,18,Known,2026,7,,Known,"St. Boniface, Winnipeg (R2J 0S6)","49.874, -97.078",3.6,18 kg x 0.2 kgCO2e/kg,Good,,[placeholder: story to be written],Pixelframe team,TRUE
PX-0152,Pixelframe module 0152,Precast concrete,Pixelframe,18,Known,2026,7,,Known,"St. Boniface, Winnipeg (R2J 0S6)","49.874, -97.078",3.6,18 kg x 0.2 kgCO2e/kg,Good,,[placeholder: story to be written],Pixelframe team,TRUE
PX-0153,Pixelframe module 0153,Precast concrete,Pixelframe,18,Known,2026,7,,Known,"St. Boniface, Winnipeg (R2J 0S6)","49.874, -97.078",3.6,18 kg x 0.2 kgCO2e/kg,Good,,[placeholder: story to be written],Pixelframe team,TRUE
PX-0154,Pixelframe module 0154,Precast concrete,Pixelframe,18,Known,2026,7,,Known,"St. Boniface, Winnipeg (R2J 0S6)","49.874, -97.078",3.6,18 kg x 0.2 kgCO2e/kg,Good,,[placeholder: story to be written],Pixelframe team,TRUE
PX-0155,Pixelframe module 0155,Precast concrete,Pixelframe,18,Known,2026,7,,Known,"St. Boniface, Winnipeg (R2J 0S6)","49.874, -97.078",3.6,18 kg x 0.2 kgCO2e/kg,Good,,[placeholder: story to be written],Pixelframe team,TRUE
PX-0156,Pixelframe module 0156,Precast concrete,Pixelframe,18,Known,2026,7,,Known,"St. Boniface, Winnipeg (R2J 0S6)","49.874, -97.078",3.6,18 kg x 0.2 kgCO2e/kg,Good,,[placeholder: story to be written],Pixelframe team,TRUE
PX-0157,Pixelframe module 0157,Precast concrete,Pixelframe,18,Known,2026,7,,Known,"St. Boniface, Winnipeg (R2J 0S6)","49.874, -97.078",3.6,18 kg x 0.2 kgCO2e/kg,Good,,[placeholder: story to be written],Pixelframe team,TRUE
PX-0158,Pixelframe module 0158,Precast concrete,Pixelframe,18,Known,2026,7,,Known,"St. Boniface, Winnipeg (R2J 0S6)","49.874, -97.078",3.6,18 kg x 0.2 kgCO2e/kg,Good,,[placeholder: story to be written],Pixelframe team,TRUE
PX-0159,Pixelframe module 0159,Precast concrete,Pixelframe,18,Known,2026,7,,Known,"St. Boniface, Winnipeg (R2J 0S6)","49.874, -97.078",3.6,18 kg x 0.2 kgCO2e/kg,Good,,[placeholder: story to be written],Pixelframe team,TRUE
PX-0160,Pixelframe module 0160,Precast concrete,Pixelframe,18,Known,2026,7,,Known,"St. Boniface, Winnipeg (R2J 0S6)","49.874, -97.078",3.6,18 kg x 0.2 kgCO2e/kg,Good,,[placeholder: story to be written],Pixelframe team,TRUE
PX-0161,Pixelframe module 0161,Precast concrete,Pixelframe,18,Known,2026,7,,Known,"St. Boniface, Winnipeg (R2J 0S6)","49.874, -97.078",3.6,18 kg x 0.2 kgCO2e/kg,Good,,[placeholder: story to be written],Pixelframe team,TRUE
PX-0162,Pixelframe module 0162,Precast concrete,Pixelframe,18,Known,2026,7,,Known,"St. Boniface, Winnipeg (R2J 0S6)","49.874, -97.078",3.6,18 kg x 0.2 kgCO2e/kg,Good,,[placeholder: story to be written],Pixelframe team,TRUE
PX-0163,Pixelframe module 0163,Precast concrete,Pixelframe,18,Known,2026,7,,Known,"St. Boniface, Winnipeg (R2J 0S6)","49.874, -97.078",3.6,18 kg x 0.2 kgCO2e/kg,Good,,[placeholder: story to be written],Pixelframe team,TRUE
PX-0164,Pixelframe module 0164,Precast concrete,Pixelframe,18,Known,2026,7,,Known,"St. Boniface, Winnipeg (R2J 0S6)","49.874, -97.078",3.6,18 kg x 0.2 kgCO2e/kg,Good,,[placeholder: story to be written],Pixelframe team,TRUE
PX-0165,Pixelframe module 0165,Precast concrete,Pixelframe,18,Known,2026,7,,Known,"St. Boniface, Winnipeg (R2J 0S6)","49.874, -97.078",3.6,18 kg x 0.2 kgCO2e/kg,Good,,[placeholder: story to be written],Pixelframe team,TRUE
PX-0166,Pixelframe module 0166,Precast concrete,Pixelframe,18,Known,2026,7,,Known,"St. Boniface, Winnipeg (R2J 0S6)","49.874, -97.078",3.6,18 kg x 0.2 kgCO2e/kg,Good,,[placeholder: story to be written],Pixelframe team,TRUE
PX-0167,Pixelframe module 0167,Precast concrete,Pixelframe,18,Known,2026,7,,Known,"St. Boniface, Winnipeg (R2J 0S6)","49.874, -97.078",3.6,18 kg x 0.2 kgCO2e/kg,Good,,[placeholder: story to be written],Pixelframe team,TRUE
PX-0168,Pixelframe module 0168,Precast concrete,Pixelframe,18,Known,2026,7,,Known,"St. Boniface, Winnipeg (R2J 0S6)","49.874, -97.078",3.6,18 kg x 0.2 kgCO2e/kg,Good,,[placeholder: story to be written],Pixelframe team,TRUE
PX-0169,Pixelframe module 0169,Precast concrete,Pixelframe,18,Known,2026,7,,Known,"St. Boniface, Winnipeg (R2J 0S6)","49.874, -97.078",3.6,18 kg x 0.2 kgCO2e/kg,Good,,[placeholder: story to be written],Pixelframe team,TRUE
PX-0170,Pixelframe module 0170,Precast concrete,Pixelframe,18,Known,2026,7,,Known,"St. Boniface, Winnipeg (R2J 0S6)","49.874, -97.078",3.6,18 kg x 0.2 kgCO2e/kg,Good,,[placeholder: story to be written],Pixelframe team,TRUE
PX-0171,Pixelframe module 0171,Precast concrete,Pixelframe,18,Known,2026,7,,Known,"St. Boniface, Winnipeg (R2J 0S6)","49.874, -97.078",3.6,18 kg x 0.2 kgCO2e/kg,Good,,[placeholder: story to be written],Pixelframe team,TRUE
PX-0172,Pixelframe module 0172,Precast concrete,Pixelframe,18,Known,2026,7,,Known,"St. Boniface, Winnipeg (R2J 0S6)","49.874, -97.078",3.6,18 kg x 0.2 kgCO2e/kg,Good,,[placeholder: story to be written],Pixelframe team,TRUE
PX-0173,Pixelframe module 0173,Precast concrete,Pixelframe,18,Known,2026,7,,Known,"St. Boniface, Winnipeg (R2J 0S6)","49.874, -97.078",3.6,18 kg x 0.2 kgCO2e/kg,Good,,[placeholder: story to be written],Pixelframe team,TRUE
PX-0174,Pixelframe module 0174,Precast concrete,Pixelframe,18,Known,2026,7,,Known,"St. Boniface, Winnipeg (R2J 0S6)","49.874, -97.078",3.6,18 kg x 0.2 kgCO2e/kg,Good,,[placeholder: story to be written],Pixelframe team,TRUE
PX-0175,Pixelframe module 0175,Precast concrete,Pixelframe,18,Known,2026,7,,Known,"St. Boniface, Winnipeg (R2J 0S6)","49.874, -97.078",3.6,18 kg x 0.2 kgCO2e/kg,Good,,[placeholder: story to be written],Pixelframe team,TRUE
PX-0176,Pixelframe module 0176,Precast concrete,Pixelframe,18,Known,2026,7,,Known,"St. Boniface, Winnipeg (R2J 0S6)","49.874, -97.078",3.6,18 kg x 0.2 kgCO2e/kg,Good,,[placeholder: story to be written],Pixelframe team,TRUE
PX-0177,Pixelframe module 0177,Precast concrete,Pixelframe,18,Known,2026,7,,Known,"St. Boniface, Winnipeg (R2J 0S6)","49.874, -97.078",3.6,18 kg x 0.2 kgCO2e/kg,Good,,[placeholder: story to be written],Pixelframe team,TRUE
PX-0178,Pixelframe module 0178,Precast concrete,Pixelframe,18,Known,2026,7,,Known,"St. Boniface, Winnipeg (R2J 0S6)","49.874, -97.078",3.6,18 kg x 0.2 kgCO2e/kg,Good,,[placeholder: story to be written],Pixelframe team,TRUE
PX-0179,Pixelframe module 0179,Precast concrete,Pixelframe,18,Known,2026,7,,Known,"St. Boniface, Winnipeg (R2J 0S6)","49.874, -97.078",3.6,18 kg x 0.2 kgCO2e/kg,Good,,[placeholder: story to be written],Pixelframe team,TRUE
PX-0180,Pixelframe module 0180,Precast concrete,Pixelframe,18,Known,2026,7,,Known,"St. Boniface, Winnipeg (R2J 0S6)","49.874, -97.078",3.6,18 kg x 0.2 kgCO2e/kg,Good,,[placeholder: story to be written],Pixelframe team,TRUE
PX-0181,Pixelframe module 0181,Precast concrete,Pixelframe,18,Known,2026,7,,Known,"St. Boniface, Winnipeg (R2J 0S6)","49.874, -97.078",3.6,18 kg x 0.2 kgCO2e/kg,Good,,[placeholder: story to be written],Pixelframe team,TRUE
PX-0182,Pixelframe module 0182,Precast concrete,Pixelframe,18,Known,2026,7,,Known,"St. Boniface, Winnipeg (R2J 0S6)","49.874, -97.078",3.6,18 kg x 0.2 kgCO2e/kg,Good,,[placeholder: story to be written],Pixelframe team,TRUE
PX-0183,Pixelframe module 0183,Precast concrete,Pixelframe,18,Known,2026,7,,Known,"St. Boniface, Winnipeg (R2J 0S6)","49.874, -97.078",3.6,18 kg x 0.2 kgCO2e/kg,Good,,[placeholder: story to be written],Pixelframe team,TRUE
PX-0184,Pixelframe module 0184,Precast concrete,Pixelframe,18,Known,2026,7,,Known,"St. Boniface, Winnipeg (R2J 0S6)","49.874, -97.078",3.6,18 kg x 0.2 kgCO2e/kg,Good,,[placeholder: story to be written],Pixelframe team,TRUE
PX-0185,Pixelframe module 0185,Precast concrete,Pixelframe,18,Known,2026,7,,Known,"St. Boniface, Winnipeg (R2J 0S6)","49.874, -97.078",3.6,18 kg x 0.2 kgCO2e/kg,Good,,[placeholder: story to be written],Pixelframe team,TRUE
PX-0186,Pixelframe module 0186,Precast concrete,Pixelframe,18,Known,2026,7,,Known,"St. Boniface, Winnipeg (R2J 0S6)","49.874, -97.078",3.6,18 kg x 0.2 kgCO2e/kg,Good,,[placeholder: story to be written],Pixelframe team,TRUE
PX-0187,Pixelframe module 0187,Precast concrete,Pixelframe,18,Known,2026,7,,Known,"St. Boniface, Winnipeg (R2J 0S6)","49.874, -97.078",3.6,18 kg x 0.2 kgCO2e/kg,Good,,[placeholder: story to be written],Pixelframe team,TRUE
PX-0188,Pixelframe module 0188,Precast concrete,Pixelframe,18,Known,2026,7,,Known,"St. Boniface, Winnipeg (R2J 0S6)","49.874, -97.078",3.6,18 kg x 0.2 kgCO2e/kg,Good,,[placeholder: story to be written],Pixelframe team,TRUE
PX-0189,Pixelframe module 0189,Precast concrete,Pixelframe,18,Known,2026,7,,Known,"St. Boniface, Winnipeg (R2J 0S6)","49.874, -97.078",3.6,18 kg x 0.2 kgCO2e/kg,Good,,[placeholder: story to be written],Pixelframe team,TRUE
PX-0190,Pixelframe module 0190,Precast concrete,Pixelframe,18,Known,2026,7,,Known,"St. Boniface, Winnipeg (R2J 0S6)","49.874, -97.078",3.6,18 kg x 0.2 kgCO2e/kg,Good,,[placeholder: story to be written],Pixelframe team,TRUE
PX-0191,Pixelframe module 0191,Precast concrete,Pixelframe,18,Known,2026,7,,Known,"St. Boniface, Winnipeg (R2J 0S6)","49.874, -97.078",3.6,18 kg x 0.2 kgCO2e/kg,Good,,[placeholder: story to be written],Pixelframe team,TRUE
SP-0001,hollowcore_0 (two pieces),Precast concrete hollowcore (wet-cast),SUPERPERMANENCE,850,Unknown,,,,Unknown,,,121.1,"ESTIMATE. Two pieces, each 3 ft wide x 10 in deep x 4 ft long (0.91 x 0.254 x 1.22 m). Assumed gross density 1500 kg/m3 for a cored slab (UK hollowcore EPD average: 1341-1581 kg/m3) = about 425 kg per piece, 850 kg total. x 0.1425 kgCO2e/kg (MPA UK industry-average hollowcore EPD, 2023: 43.5 kgCO2e per m2 at 305 kg/m2). Origin and age unknown; older or wet-cast product may be higher.",Good,"Two pieces. Wet-cast, not extruded. Origin unknown.",[placeholder: story to be written],SUPERPERMANENCE,TRUE
